{"cameraMode":{"drawMode":0,"name":"Shaded","section":"Shading Mode"},"sceneLighting":true,"audioPlay":false,"sceneViewState":{"showFog":true,"showMaterialUpdate":true,"showSkybox":true,"showFlares":true,"showImageEffects":true,"showParticleSystems":true},"in2DMode":false,"pivot":{"x":626.907958984375,"y":66.99918365478516,"z":569.7613525390625},"rotation":{"x":-0.16323162615299226,"y":0.8182970285415649,"z":-0.2825855016708374,"w":-0.4733765721321106},"size":64.45903015136719,"orthographic":false}