{"cameraMode":{"drawMode":0,"name":"Shaded","section":"Shading Mode"},"sceneLighting":true,"audioPlay":false,"sceneViewState":{"showFog":true,"showMaterialUpdate":true,"showSkybox":true,"showFlares":true,"showImageEffects":true,"showParticleSystems":true},"in2DMode":false,"pivot":{"x":0.461983859539032,"y":2.6962039470672609,"z":-4.334364891052246},"rotation":{"x":-0.1298663169145584,"y":0.09266239404678345,"z":-0.012191426940262318,"w":-0.987123429775238},"size":0.8472744822502136,"orthographic":false}