{"cameraMode":{"drawMode":0,"name":"Shaded","section":"Shading Mode"},"sceneLighting":true,"audioPlay":false,"sceneViewState":{"showFog":true,"showMaterialUpdate":true,"showSkybox":true,"showFlares":true,"showImageEffects":true,"showParticleSystems":true},"in2DMode":false,"pivot":{"x":36.081581115722659,"y":-1.1736526489257813,"z":43.543853759765628},"rotation":{"x":-0.15915225446224214,"y":-0.1366657316684723,"z":0.02224576473236084,"w":-0.9775099158287048},"size":85.84733581542969,"orthographic":false}