{"cameraMode":{"drawMode":0,"name":"Shaded","section":"Shading Mode"},"sceneLighting":true,"audioPlay":false,"sceneViewState":{"showFog":true,"showMaterialUpdate":true,"showSkybox":true,"showFlares":true,"showImageEffects":true,"showParticleSystems":true},"in2DMode":false,"pivot":{"x":349.3272705078125,"y":-39.58868408203125,"z":321.6421813964844},"rotation":{"x":-0.11505429446697235,"y":-0.8579010963439941,"z":0.45025309920310976,"w":-0.21925872564315797},"size":612.7207641601563,"orthographic":false}