{"cameraMode":{"drawMode":0,"name":"Shaded","section":"Shading Mode"},"sceneLighting":true,"audioPlay":false,"sceneViewState":{"showFog":true,"showMaterialUpdate":true,"showSkybox":true,"showFlares":true,"showImageEffects":true,"showParticleSystems":true},"in2DMode":false,"pivot":{"x":-0.1704331487417221,"y":1.1960798501968384,"z":-1.1466050148010255},"rotation":{"x":-0.29294636845588686,"y":0.0048732454888522629,"z":-0.0014933374477550388,"w":-0.9561215043067932},"size":9.707282066345215,"orthographic":false}